{
  "flux_loops": [
    [
      1.75,
      0.2
    ],
    [
      1.75,
      -0.2
    ],
    [
      1.55,
      0.7
    ],
    [
      1.55,
      -0.7
    ],
    [
      1.05,
      0.8
    ],
    [
      1.05,
      -0.8
    ],
    [
      0.85,
      0.3
    ],
    [
      0.85,
      -0.3
    ]
  ],
  "probes": [
    [
      0.75,
      -0.85
    ],
    [
      1.8,
      -0.85
    ],
    [
      0.75,
      -0.6071428571428571
    ],
    [
      1.8,
      -0.6071428571428571
    ],
    [
      0.75,
      -0.36428571428571427
    ],
    [
      1.8,
      -0.36428571428571427
    ],
    [
      0.75,
      -0.12142857142857144
    ],
    [
      1.8,
      -0.12142857142857144
    ],
    [
      0.75,
      0.12142857142857144
    ],
    [
      1.8,
      0.12142857142857144
    ],
    [
      0.75,
      0.3642857142857142
    ],
    [
      1.8,
      0.3642857142857142
    ],
    [
      0.75,
      0.6071428571428571
    ],
    [
      1.8,
      0.6071428571428571
    ],
    [
      0.75,
      0.85
    ],
    [
      1.8,
      0.85
    ]
  ]
}